seg_hash,clust_hash,AVG_SPEAKER_F1,AVG_CONV_F1,AVG_ARI,perfect_sessions,created,clus_linkage,clus_metric,clus_threshold,segm_max_chunk_size,segm_min_chunk_size,segm_min_duration_off,segm_min_duration_on,segm_offset,segm_onset,s00_eva,s00_conf,s01_eva,s01_conf,s02_eva,s02_conf,s03_eva,s03_conf,s04_eva,s04_conf,s22_eva,s22_conf,s23_eva,s23_conf,s24_eva,s24_conf,s25_eva,s25_conf,s26_eva,s26_conf,s27_eva,s27_conf,s28_eva,s28_conf,s29_eva,s29_conf,s30_eva,s30_conf,s45_eva,s45_conf,s46_eva,s46_conf,s47_eva,s47_conf,s58_eva,s58_conf,s59_eva,s59_conf,s60_eva,s60_conf,s61_eva,s61_conf,s62_eva,s62_conf,s63_eva,s63_conf,s64_eva,s64_conf,s65_eva,s65_conf,s66_eva,s66_conf,s67_eva,s67_conf,s68_eva,s68_conf,s69_eva,s69_conf,s70_eva,s70_conf,s71_eva,s71_conf,s72_eva,s72_conf,s83_eva,s83_conf,s84_eva,s84_conf,s85_eva,s85_conf,s86_eva,s86_conf,s87_eva,s87_conf,s88_eva,s88_conf,s89_eva,s89_conf,s90_eva,s90_conf,s91_eva,s91_conf,s92_eva,s92_conf,s93_eva,s93_conf,s94_eva,s94_conf,s95_eva,s95_conf,s96_eva,s96_conf,s97_eva,s97_conf,s98_eva,s98_conf,s99_eva,s99_conf,s100_eva,s100_conf,s101_eva,s101_conf,s102_eva,s102_conf,s103_eva,s103_conf,s104_eva,s104_conf,s105_eva,s105_conf,s106_eva,s106_conf
2868d163,35264ba4,0.8227,0.8791614617875122,0.7676646314570108,35,2026-01-28T16:25:00.722640,complete,precomputed,0.7,10,1,0.5,1.0,1.7,1.0,1,0.8281,1,0.8728,1,0.889,1,0.9393,1,0.8683,0,0.7122,1,0.8505,1,0.818,0,0.9176,1,0.9016,1,0.8318,1,0.8395,0,0.7012,0,0.8778,1,0.9331,1,0.8844,0,0.7682,0,0.7009,0,0.723,1,0.7095,0,0.8044,0,0.8456,0,0.7,0,0.7278,0,0.7287,1,0.78,1,0.7487,1,0.861,1,0.8725,1,0.9041,1,0.7562,1,0.8655,0,0.7637,1,0.7894,1,0.7969,0,0.7898,1,0.8387,0,0.8501,0,0.873,1,0.8011,1,0.8229,0,0.7289,1,0.8849,1,0.878,1,0.9264,1,0.8042,1,0.8629,0,0.8082,1,0.8157,1,0.799,1,0.8291,0,0.8769,1,0.7015,0,0.8546,0,0.8953,1,0.7228
225a452e,35264ba4,0.8173,0.8838042279849002,0.789974252072258,36,2026-01-28T16:25:00.686232,complete,precomputed,0.7,10,1,0.5,1.0,0.9,1.0,1,0.797,1,0.8446,1,0.878,0,0.9303,1,0.8433,1,0.8327,1,0.8428,1,0.7925,0,0.901,1,0.8837,1,0.8076,1,0.832,1,0.8738,0,0.8424,1,0.9233,1,0.8723,0,0.7611,0,0.7822,0,0.703,1,0.7005,0,0.7904,0,0.8308,0,0.7269,0,0.7142,0,0.7174,1,0.756,1,0.7343,1,0.8326,1,0.8719,1,0.8743,1,0.73,1,0.8295,0,0.738,1,0.766,1,0.7565,0,0.7812,1,0.8085,0,0.8287,0,0.8723,1,0.7832,1,0.816,0,0.726,1,0.8624,1,0.855,1,0.9174,1,0.7836,1,0.8538,0,0.8017,1,0.7872,1,0.7881,1,0.7937,1,0.8502,0,0.8777,0,0.8324,0,0.8796,1,0.7028
b556e570,35264ba4,0.8151,0.8820185136991859,0.7858668398766105,35,2026-01-28T16:25:01.161517,complete,precomputed,0.7,10,1,0.5,1.0,1.1,1.0,1,0.8085,1,0.8649,1,0.8807,0,0.9318,1,0.853,1,0.8403,1,0.848,1,0.809,0,0.9099,1,0.8852,1,0.8233,1,0.8329,1,0.8762,0,0.8531,1,0.9269,1,0.875,0,0.7681,0,0.7848,0,0.7167,1,0.7062,0,0.792,0,0.839,0,0.7386,0,0.7176,0,0.7249,1,0.7706,1,0.7302,1,0.8431,1,0.8744,1,0.8831,1,0.7458,1,0.851,0,0.748,1,0.7759,1,0.7734,0,0.7859,1,0.8178,0,0.8487,0,0.8716,1,0.7893,1,0.8197,0,0.7302,1,0.8744,1,0.8681,1,0.9224,1,0.7957,1,0.8602,0,0.8086,1,0.7964,1,0.7986,1,0.809,0,0.8589,0,0.8823,0,0.8416,0,0.8919,1,0.7158
9f78be39,35264ba4,0.8147,0.8702328903589408,0.7527836790760585,34,2026-01-28T16:25:01.087191,complete,precomputed,0.7,10,1,0.5,1.0,1.6,1.0,1,0.8215,1,0.8727,1,0.889,0,0.9299,1,0.8609,0,0.712,1,0.8507,1,0.818,0,0.9135,1,0.9026,1,0.8304,1,0.8399,0,0.701,0,0.8734,1,0.9334,1,0.8854,0,0.7679,0,0.7007,0,0.723,1,0.7096,0,0.8041,0,0.8456,0,0.7003,0,0.7244,0,0.7284,1,0.7802,1,0.7436,1,0.8551,1,0.8729,1,0.9041,1,0.7532,1,0.8648,0,0.7538,1,0.7865,1,0.7967,0,0.7898,1,0.8387,0,0.8525,0,0.8731,1,0.8009,1,0.8231,0,0.7293,1,0.8851,1,0.8775,1,0.9265,1,0.8056,1,0.8627,0,0.8086,1,0.8158,1,0.7988,1,0.8216,0,0.8635,1,0.7015,0,0.851,0,0.8956,1,0.72
0847c707,35264ba4,0.8082,0.8736851803658526,0.7756397760781182,35,2026-01-28T16:25:00.577601,complete,precomputed,0.7,10,1,0.5,1.0,1.0,1.0,1,0.8055,1,0.8501,1,0.8798,0,0.932,1,0.8465,1,0.8379,1,0.8465,1,0.7986,0,0.9038,1,0.8844,1,0.821,1,0.8326,1,0.8751,0,0.8512,1,0.926,1,0.8751,0,0.7646,0,0.7832,0,0.7151,1,0.7049,0,0.7914,0,0.8339,0,0.7337,0,0.7151,0,0.719,1,0.7649,1,0.7339,1,0.8356,1,0.8719,1,0.8774,1,0.7398,1,0.8403,0,0.7462,1,0.7709,1,0.7656,0,0.7864,1,0.814,0,0.8367,0,0.8725,1,0.7845,1,0.816,0,0.7286,1,0.869,1,0.8587,1,0.9195,1,0.7914,1,0.8584,0,0.807,1,0.7912,1,0.7955,1,0.8087,0,0.8554,0,0.8813,0,0.8359,0,0.8885,1,0.7121
18dc9488,35264ba4,0.8082,0.8748756565563288,0.7759462049559757,34,2026-01-28T16:25:00.648952,complete,precomputed,0.7,10,1,0.5,1.0,1.4,1.0,1,0.821,1,0.8684,1,0.889,0,0.9304,1,0.8571,0,0.7098,1,0.851,1,0.8117,0,0.9139,1,0.8939,1,0.8273,1,0.8361,1,0.8812,0,0.8689,1,0.9298,1,0.8794,0,0.7697,0,0.7841,0,0.7209,1,0.7102,0,0.8062,0,0.8418,0,0.7403,0,0.7242,0,0.7259,1,0.7796,1,0.7383,1,0.8495,1,0.8726,1,0.8961,1,0.7457,1,0.8554,0,0.7542,1,0.784,1,0.7867,0,0.7862,1,0.8332,0,0.8471,0,0.8725,1,0.7991,1,0.8224,0,0.7294,1,0.8799,1,0.8758,1,0.923,1,0.8009,1,0.8609,0,0.8098,1,0.8078,1,0.7984,1,0.8176,0,0.8587,0,0.8825,0,0.8519,0,0.8918,1,0.7202
6aad4512,35264ba4,0.8082,0.8748756565563288,0.7759462049559757,34,2026-01-28T16:25:00.904221,complete,precomputed,0.7,10,1,0.5,1.0,1.3,1.0,1,0.8164,1,0.8689,1,0.8859,0,0.931,1,0.857,0,0.7034,1,0.8511,1,0.8119,0,0.9139,1,0.8898,1,0.8235,1,0.8328,1,0.8797,0,0.8578,1,0.9295,1,0.8799,0,0.7705,0,0.7863,0,0.7206,1,0.7097,0,0.8073,0,0.8377,0,0.7435,0,0.7205,0,0.7273,1,0.7767,1,0.7348,1,0.8468,1,0.8724,1,0.8961,1,0.7453,1,0.856,0,0.7502,1,0.7764,1,0.7797,0,0.7866,1,0.8303,0,0.8481,0,0.8725,1,0.7944,1,0.8225,0,0.7291,1,0.8773,1,0.8715,1,0.923,1,0.7973,1,0.8608,0,0.8114,1,0.8077,1,0.7983,1,0.8175,0,0.8585,0,0.8828,0,0.8515,0,0.892,1,0.7176
863c01ba,35264ba4,0.8082,0.8748756565563288,0.7759462049559757,34,2026-01-28T16:25:00.977080,complete,precomputed,0.7,10,1,0.5,1.0,1.2,1.0,1,0.8133,1,0.8687,1,0.881,0,0.9317,1,0.8572,0,0.7003,1,0.8483,1,0.812,0,0.91,1,0.8887,1,0.8234,1,0.8327,1,0.8797,0,0.8608,1,0.9273,1,0.8787,0,0.7692,0,0.7844,0,0.717,1,0.7091,0,0.8026,0,0.8377,0,0.7391,0,0.7199,0,0.725,1,0.7739,1,0.7313,1,0.8478,1,0.8731,1,0.8921,1,0.7458,1,0.8566,0,0.7483,1,0.7764,1,0.7767,0,0.7862,1,0.8237,0,0.8478,0,0.8737,1,0.7899,1,0.8175,0,0.7307,1,0.8778,1,0.869,1,0.9229,1,0.796,1,0.8606,0,0.8087,1,0.8046,1,0.799,1,0.8092,0,0.8587,0,0.8821,0,0.8514,0,0.8926,1,0.7194
9cd02b95,35264ba4,0.8079,0.8676818699507775,0.7489016914984187,33,2026-01-28T16:25:01.051468,complete,precomputed,0.7,10,1,0.5,1.0,1.5,1.0,1,0.8212,1,0.8726,1,0.8892,0,0.9315,1,0.8611,0,0.7103,1,0.8511,1,0.8175,0,0.9135,1,0.9026,1,0.8274,1,0.84,0,0.7028,0,0.8733,1,0.9301,1,0.8828,0,0.7686,0,0.7006,0,0.7228,1,0.7091,0,0.8069,0,0.8457,0,0.7002,0,0.7242,0,0.7241,1,0.78,1,0.7435,1,0.8519,1,0.8723,1,0.8963,1,0.7495,1,0.8553,0,0.7543,1,0.7863,1,0.7862,0,0.7895,1,0.8336,0,0.8469,0,0.8725,1,0.8006,1,0.8223,0,0.7289,1,0.8851,1,0.8779,1,0.9264,1,0.8051,1,0.8607,0,0.8099,1,0.8085,1,0.7984,1,0.8209,0,0.8633,0,0.8821,0,0.8516,0,0.8921,1,0.7206
5a6ed88f,35264ba4,0.8046,0.8609981055359207,0.7369550806251574,34,2026-01-28T16:25:00.794322,complete,precomputed,0.7,10,1,0.5,1.0,1.8,1.0,1,0.8283,1,0.8731,1,0.8891,1,0.9395,1,0.8682,0,0.7114,1,0.8536,1,0.8176,0,0.9174,1,0.9004,1,0.8331,1,0.8474,0,0.7032,0,0.8872,1,0.9334,0,0.7069,0,0.7679,0,0.7008,0,0.7287,1,0.7127,0,0.8041,0,0.8459,0,0.742,0,0.7266,0,0.7319,1,0.7797,1,0.7483,1,0.861,1,0.8813,1,0.9042,1,0.7558,1,0.8714,0,0.7643,1,0.7895,1,0.7998,0,0.7893,1,0.8389,0,0.7005,0,0.8732,1,0.8015,1,0.823,0,0.7276,1,0.8895,1,0.8783,1,0.9262,1,0.8039,1,0.8662,0,0.8074,1,0.82,1,0.7993,1,0.8314,0,0.8768,1,0.7014,0,0.8543,0,0.8948,1,0.725
a7177a43,35264ba4,0.8046,0.8609981055359207,0.7369550806251574,34,2026-01-28T16:25:01.125291,complete,precomputed,0.7,10,1,0.5,1.0,1.9,1.0,1,0.8322,1,0.8731,1,0.8893,1,0.9399,1,0.8724,0,0.7107,1,0.8599,1,0.8177,0,0.921,1,0.9006,1,0.8328,1,0.8445,0,0.7017,0,0.8868,1,0.933,0,0.7067,0,0.768,0,0.7008,0,0.7285,1,0.7129,0,0.8047,0,0.8457,0,0.7421,0,0.7251,0,0.7355,1,0.7798,1,0.7483,1,0.8611,1,0.8814,1,0.9047,1,0.7558,1,0.8712,0,0.7644,1,0.7905,1,0.8042,0,0.7884,1,0.8388,0,0.706,0,0.8737,1,0.8012,1,0.8214,0,0.7279,1,0.8896,1,0.8784,1,0.9261,1,0.8038,1,0.8659,0,0.8103,1,0.8196,1,0.7979,1,0.8357,0,0.8827,1,0.7016,0,0.8544,0,0.8946,1,0.7249
6463828e,35264ba4,0.799,0.8702413028148321,0.7751497702931954,35,2026-01-28T16:25:00.866634,complete,precomputed,0.7,10,1,0.5,1.0,0.8,1.0,1,0.7971,1,0.8351,1,0.8703,1,0.9254,1,0.8354,1,0.8244,1,0.8365,1,0.7873,0,0.9008,1,0.8822,1,0.7983,1,0.8228,1,0.8709,0,0.8383,1,0.9167,1,0.8657,0,0.755,0,0.7866,0,0.7926,0,0.8647,0,0.7876,0,0.823,0,0.719,0,0.7135,0,0.7108,1,0.7497,1,0.7305,1,0.8307,1,0.8709,1,0.8749,1,0.7234,1,0.8226,0,0.7144,1,0.7565,1,0.7441,0,0.7801,1,0.8001,0,0.8218,0,0.8706,1,0.7789,1,0.815,0,0.7266,1,0.8594,1,0.8481,1,0.9112,1,0.7772,1,0.8491,0,0.8017,1,0.7844,1,0.7816,1,0.783,0,0.8504,0,0.8755,0,0.8271,0,0.8783,1,0.7005
60d67d47,35264ba4,0.7965,0.8526138427398932,0.71700763676467,33,2026-01-28T16:25:00.829876,complete,precomputed,0.7,10,1,0.5,1.0,2.0,1.0,1,0.8324,1,0.8731,1,0.8892,1,0.942,1,0.8718,0,0.7192,1,0.8599,1,0.8181,0,0.9209,1,0.9007,1,0.832,1,0.8446,0,0.7007,0,0.8873,1,0.9323,0,0.7072,0,0.7733,0,0.701,0,0.7285,1,0.7131,0,0.8028,0,0.8458,0,0.7047,0,0.7248,0,0.7361,1,0.7803,1,0.7509,1,0.8605,1,0.8884,1,0.9042,1,0.7555,1,0.8715,0,0.7647,1,0.7897,1,0.8044,0,0.7885,1,0.8468,0,0.7062,0,0.8731,1,0.8016,1,0.8203,0,0.7279,1,0.8926,1,0.8838,1,0.9263,1,0.8046,1,0.866,0,0.8102,1,0.82,1,0.7981,1,0.836,0,0.891,1,0.706,0,0.8604,0,0.8938,0,0.7279
7b952475,35264ba4,0.7927,0.8691837889001753,0.7801043070159975,34,2026-01-28T16:25:00.940562,complete,precomputed,0.7,10,1,0.5,1.0,0.7,1.0,1,0.7899,1,0.8247,1,0.8663,1,0.922,1,0.8311,1,0.8131,1,0.8315,1,0.782,0,0.8969,1,0.8797,1,0.792,1,0.8169,1,0.8704,0,0.8326,1,0.9104,1,0.8579,0,0.7497,0,0.7825,0,0.7902,0,0.8584,0,0.7856,0,0.818,0,0.7094,0,0.7107,1,0.8113,1,0.7354,1,0.7281,1,0.8272,1,0.8695,1,0.8731,1,0.7211,1,0.8152,0,0.7151,1,0.7431,1,0.7374,0,0.7801,1,0.7971,0,0.8185,0,0.8634,1,0.7648,0,0.8334,0,0.728,1,0.8566,1,0.8429,1,0.9065,1,0.7717,1,0.8439,0,0.7866,1,0.7806,1,0.7734,1,0.7759,0,0.8499,0,0.8737,0,0.8255,0,0.8759,0,0.8578
94eaf98a,35264ba4,0.7876,0.862514330907188,0.7981911608578319,34,2026-01-28T16:25:01.013377,complete,precomputed,0.7,10,1,0.5,1.0,0.3,1.0,1,0.7734,0,0.807,1,0.8394,1,0.9019,1,0.8045,1,0.7752,1,0.8055,1,0.7477,0,0.8765,1,0.8684,0,0.755,1,0.7753,1,0.8642,0,0.8177,1,0.8899,1,0.8305,1,0.8982,0,0.7494,0,0.7577,0,0.818,0,0.7695,0,0.789,0,0.8508,0,0.8066,1,0.7583,1,0.7037,0,0.7091,1,0.8094,1,0.8227,1,0.8535,0,1.0,1,0.7815,0,0.7945,1,0.7028,0,0.7836,0,0.7298,1,0.7676,0,0.8111,0,0.8322,1,0.7488,1,0.7923,1,0.7696,1,0.8135,1,0.8147,1,0.8847,1,0.7418,1,0.814,1,0.7954,1,0.7362,1,0.7554,1,0.7386,1,0.8056,0,0.8452,0,0.804,0,0.8612,0,0.8343
d2d40997,35264ba4,0.7844,0.8613632760796627,0.7663549028026758,33,2026-01-28T16:25:01.274998,complete,precomputed,0.7,10,1,0.5,1.0,0.6,1.0,1,0.7812,0,0.8202,1,0.8586,1,0.9065,1,0.8227,1,0.8075,1,0.8226,1,0.7732,0,0.8965,1,0.8749,0,0.7715,1,0.8058,1,0.8707,0,0.8307,1,0.9038,1,0.8486,0,0.7303,0,0.7776,0,0.7787,0,0.8531,0,0.7784,0,0.8146,0,0.7062,0,0.7095,1,0.7954,1,0.7265,1,0.7153,1,0.8226,1,0.8656,1,0.8684,1,0.7097,1,0.8101,0,0.8133,1,0.728,1,0.728,0,0.7738,1,0.7893,0,0.8124,0,0.8461,1,0.7608,1,0.7944,0,0.7214,1,0.8453,1,0.8342,1,0.9018,1,0.7631,1,0.8403,0,0.7784,1,0.773,1,0.7703,1,0.7602,0,0.8444,0,0.8722,0,0.8225,0,0.8686,0,0.8581
cee6a733,35264ba4,0.7794,0.8473846076892295,0.7577305952653248,32,2026-01-28T16:25:01.237635,complete,precomputed,0.7,10,1,0.5,1.0,0.5,1.0,1,0.7756,0,0.8141,1,0.856,1,0.9075,1,0.8166,1,0.799,1,0.8175,1,0.7678,0,0.893,1,0.8733,0,0.7681,1,0.7926,1,0.8704,0,0.8255,1,0.9013,1,0.8473,0,0.7177,0,0.7552,0,0.7781,0,0.8431,0,0.7757,0,0.8112,0,0.8573,0,0.7027,1,0.7861,1,0.7189,1,0.709,1,0.8106,1,0.8509,1,0.8651,0,1.0,1,0.8045,0,0.811,1,0.715,1,0.7087,0,0.7398,1,0.7804,0,0.8132,0,0.8433,1,0.7568,1,0.792,0,0.7014,1,0.8308,1,0.8282,1,0.8948,1,0.7579,1,0.8281,0,0.7647,1,0.7499,1,0.7637,1,0.7548,0,0.8247,0,0.8603,0,0.8149,0,0.8644,0,0.857
3fa5402b,35264ba4,0.7753,0.8493076846123065,0.7672388164332098,32,2026-01-28T16:25:00.758012,complete,precomputed,0.7,10,1,0.5,1.0,0.4,1.0,1,0.7756,0,0.8112,1,0.8501,1,0.905,1,0.8056,1,0.7874,1,0.8096,1,0.7536,0,0.8898,1,0.871,0,0.7692,1,0.7851,1,0.8651,0,0.822,1,0.8943,1,0.8307,0,0.7056,0,0.7555,0,0.7622,0,0.8361,0,0.77,0,0.7933,0,0.8567,0,0.7026,1,0.7742,1,0.7099,0,0.7197,1,0.8119,1,0.8344,1,0.8613,0,1.0,1,0.7928,0,0.8024,1,0.7104,0,0.8023,0,0.7688,1,0.7768,0,0.8118,0,0.8392,1,0.7499,1,0.7915,1,0.7831,1,0.8225,1,0.8204,1,0.8918,1,0.7455,1,0.8255,0,0.7616,1,0.7423,1,0.7565,1,0.7501,1,0.8083,0,0.8578,0,0.8107,0,0.8601,0,0.8428
c06ea63d,35264ba4,0.775,0.8579508388436959,0.7965231662557101,33,2026-01-28T16:25:01.199028,complete,precomputed,0.7,10,1,0.5,1.0,0.2,1.0,1,0.7621,1,0.8019,1,0.8319,1,0.9002,1,0.7993,1,0.7642,1,0.8016,1,0.7379,0,0.8597,1,0.8628,0,0.744,1,0.7709,1,0.8627,0,0.8081,1,0.8795,1,0.8294,1,0.8938,0,0.7385,0,0.7527,0,0.8006,0,0.768,0,0.7796,0,0.8443,0,0.8027,1,0.742,0,0.7772,0,0.8547,1,0.8086,1,0.818,1,0.8523,0,1.0,1,0.7784,0,0.7809,0,0.8268,0,0.7699,0,0.7236,1,0.759,0,0.8122,0,0.8174,1,0.7419,1,0.7891,1,0.7604,1,0.8003,1,0.8084,1,0.8743,1,0.7329,1,0.8071,1,0.7939,1,0.7289,1,0.7413,1,0.7315,1,0.7953,0,0.8444,0,0.7969,0,0.8615,0,0.8262
e72e47e0,35264ba4,0.7585,0.8424788108716681,0.7699138676887752,32,2026-01-28T16:25:01.313095,complete,precomputed,0.7,10,1,0.5,1.0,0.1,1.0,1,0.7473,1,0.7921,1,0.8244,1,0.891,1,0.7976,1,0.7495,1,0.8003,1,0.732,0,0.8577,1,0.8576,0,0.7411,1,0.76,1,0.8603,0,0.8023,1,0.8725,1,0.8181,1,0.8834,0,0.7313,0,0.7527,0,0.7967,0,0.756,0,0.7601,0,0.8342,0,0.7951,0,0.7372,0,0.7708,0,0.8483,1,0.8048,1,0.8153,1,0.8429,0,1.0,1,0.7775,0,0.7817,0,0.8244,0,0.7577,0,0.7116,1,0.7583,0,0.8105,0,0.8132,1,0.7385,1,0.7968,1,0.7449,1,0.7888,1,0.7969,1,0.8675,1,0.7275,1,0.7992,1,0.7889,1,0.7253,1,0.7325,1,0.7174,1,0.7823,0,0.8468,0,0.7881,0,0.8576,0,0.8239
139ca065,35264ba4,0.7424,0.823839355089355,0.7391101801168223,31,2026-01-28T16:25:00.613245,complete,precomputed,0.7,10,1,0.5,1.0,0.0,1.0,1,0.7405,1,0.7815,1,0.8006,1,0.8797,1,0.7934,1,0.7392,1,0.7982,1,0.7244,0,0.8521,1,0.8527,0,0.7452,1,0.7462,1,0.8589,0,0.8016,1,0.8707,1,0.8162,1,0.8804,0,0.7259,0,0.743,0,0.7939,0,0.7514,0,0.7574,0,0.8312,0,0.7892,0,0.7289,0,0.7553,0,0.8351,1,0.8012,1,0.8136,1,0.8398,0,1.0,1,0.755,0,0.7768,0,0.8194,0,0.7484,0,0.7105,1,0.7513,1,0.8391,0,0.8087,1,0.7372,1,0.7962,1,0.7237,1,0.777,1,0.7919,1,0.8599,1,0.7181,1,0.7858,0,0.7426,1,0.7225,1,0.7253,1,0.7101,0,0.7781,0,0.8456,0,0.779,0,0.8553,0,0.8134
37b55c8f,35264ba4,0.8034,0.8609471760732265,0.7272347005631624,33,2026-01-28T16:45:56.260773,complete,precomputed,0.7,10,1,0.5,1.0,2.1,1.0,1,0.8322,1,0.8735,1,0.889,1,0.9418,1,0.8718,0,0.7194,1,0.8598,1,0.8176,0,0.921,1,0.9007,1,0.8324,1,0.8481,0,0.7008,0,0.8878,1,0.9342,0,0.7073,0,0.772,0,0.7004,0,0.7281,1,0.7134,0,0.8104,0,0.846,0,0.7087,0,0.7235,0,0.7361,1,0.7804,1,0.7509,1,0.8606,1,0.8886,1,0.9045,1,0.7609,1,0.8713,0,0.7644,1,0.7898,1,0.8102,0,0.7891,1,0.8464,0,0.7058,0,0.8735,1,0.8015,1,0.8193,0,0.7256,1,0.8931,1,0.8841,1,0.9263,1,0.8042,1,0.866,0,0.8101,1,0.8199,1,0.7983,1,0.8358,0,0.8905,1,0.7062,0,0.8707,0,0.9017,0,0.7279
55e1e524,35264ba4,0.7965,0.8526138427398932,0.71700763676467,33,2026-01-28T16:45:56.334513,complete,precomputed,0.7,10,1,0.5,1.0,2.4,1.0,1,0.8316,1,0.8792,1,0.8968,1,0.9419,1,0.8708,0,0.7199,1,0.8605,1,0.8222,0,0.9264,1,0.8995,1,0.8371,1,0.8438,0,0.7086,0,0.888,1,0.9345,0,0.7105,0,0.7778,0,0.7098,0,0.7279,1,0.7136,0,0.8159,0,0.8521,0,0.7087,0,0.721,0,0.7391,1,0.7805,1,0.751,1,0.8612,1,0.9085,1,0.9084,1,0.7605,1,0.8737,0,0.7641,1,0.8056,1,0.8168,0,0.7895,1,0.846,0,0.7089,0,0.8719,1,0.806,1,0.817,0,0.7236,1,0.8934,1,0.8842,1,0.9267,1,0.8042,1,0.8661,0,0.8104,1,0.8206,1,0.7978,1,0.8401,0,0.8981,1,0.7061,0,0.8703,0,0.9098,0,0.7333
a6a4cb5a,35264ba4,0.7965,0.8526138427398932,0.71700763676467,33,2026-01-28T16:45:56.410464,complete,precomputed,0.7,10,1,0.5,1.0,2.3,1.0,1,0.8322,1,0.8733,1,0.8897,1,0.9418,1,0.8717,0,0.72,1,0.8604,1,0.8222,0,0.9266,1,0.8995,1,0.8328,1,0.8478,0,0.7087,0,0.8844,1,0.934,0,0.7068,0,0.7774,0,0.7011,0,0.7278,1,0.7137,0,0.8094,0,0.8519,0,0.7089,0,0.7207,0,0.7395,1,0.7801,1,0.7509,1,0.8605,1,0.9024,1,0.9039,1,0.7613,1,0.8742,0,0.7639,1,0.8057,1,0.813,0,0.7893,1,0.8462,0,0.7091,0,0.873,1,0.8032,1,0.8169,0,0.7234,1,0.8934,1,0.8838,1,0.9266,1,0.8054,1,0.8657,0,0.8109,1,0.8203,1,0.7988,1,0.8366,0,0.8982,1,0.7065,0,0.87,0,0.9019,0,0.7334
c63adbd0,35264ba4,0.7965,0.8526138427398932,0.71700763676467,33,2026-01-28T16:45:56.484098,complete,precomputed,0.7,10,1,0.5,1.0,2.2,1.0,1,0.8323,1,0.8734,1,0.8898,1,0.942,1,0.8718,0,0.7195,1,0.8596,1,0.8182,0,0.9204,1,0.9,1,0.8313,1,0.8477,0,0.7037,0,0.8844,1,0.9342,0,0.7073,0,0.7724,0,0.701,0,0.7277,1,0.7135,0,0.8103,0,0.8466,0,0.7083,0,0.7226,0,0.7359,1,0.7803,1,0.7501,1,0.8603,1,0.8893,1,0.9038,1,0.7611,1,0.8748,0,0.7653,1,0.8056,1,0.8101,0,0.7889,1,0.8459,0,0.7093,0,0.8725,1,0.8013,1,0.8163,0,0.7231,1,0.8931,1,0.8836,1,0.9265,1,0.8036,1,0.866,0,0.8107,1,0.8203,1,0.7981,1,0.8361,0,0.8985,1,0.7062,0,0.8703,0,0.9021,0,0.7279
3e9b14a4,35264ba4,0.7891,0.8476138427398932,0.7079870182079689,32,2026-01-28T16:45:56.296954,complete,precomputed,0.7,10,1,0.5,1.0,2.9,1.0,1,0.8325,1,0.8793,1,0.8966,1,0.942,1,0.8709,0,0.72,1,0.8667,1,0.8223,0,0.9266,1,0.899,1,0.8361,1,0.8571,0,0.707,0,0.8868,1,0.9339,0,0.7118,0,0.7808,0,0.708,0,0.7315,1,0.7147,0,0.8162,0,0.8507,0,0.7073,0,0.7192,0,0.734,1,0.7876,1,0.7514,1,0.8614,1,0.9071,1,0.9075,1,0.7678,1,0.8792,0,0.7636,1,0.8248,1,0.8179,0,0.7892,1,0.8494,0,0.7075,0,0.8763,0,0.8083,1,0.8269,0,0.7175,1,0.8935,1,0.8841,1,0.9301,1,0.8096,1,0.8709,0,0.8089,1,0.8206,1,0.7971,1,0.8404,0,0.8977,1,0.7066,0,0.8692,0,0.9083,0,0.7381
5d78198b,35264ba4,0.7891,0.8476138427398932,0.7079870182079689,32,2026-01-28T16:45:56.372121,complete,precomputed,0.7,10,1,0.5,1.0,2.6,1.0,1,0.8324,1,0.8789,1,0.8967,1,0.9417,1,0.8708,0,0.7201,1,0.8607,1,0.8223,0,0.9262,1,0.8994,1,0.8372,1,0.8568,0,0.7085,0,0.8858,1,0.9339,0,0.7107,0,0.7765,0,0.7081,0,0.7325,1,0.7137,0,0.8161,0,0.8517,0,0.7091,0,0.7184,0,0.7357,1,0.7804,1,0.7503,1,0.8609,1,0.9076,1,0.9084,1,0.7671,1,0.8796,0,0.7639,1,0.8103,1,0.8167,0,0.7893,1,0.8459,0,0.7089,0,0.8775,0,0.8084,1,0.8277,0,0.7191,1,0.8934,1,0.8842,1,0.9266,1,0.806,1,0.8662,0,0.8106,1,0.8206,1,0.7973,1,0.8405,0,0.8981,1,0.7069,0,0.8702,0,0.9098,0,0.7333
f04ccb56,35264ba4,0.7891,0.8476138427398932,0.7079870182079689,32,2026-01-28T16:45:56.520520,complete,precomputed,0.7,10,1,0.5,1.0,2.5,1.0,1,0.8326,1,0.8788,1,0.8965,1,0.9421,1,0.8709,0,0.7204,1,0.8605,1,0.8224,0,0.9267,1,0.8996,1,0.8381,1,0.8439,0,0.7069,0,0.8857,1,0.9337,0,0.7108,0,0.777,0,0.7086,0,0.7282,1,0.7136,0,0.8159,0,0.8522,0,0.7085,0,0.7187,0,0.7384,1,0.7805,1,0.7507,1,0.8609,1,0.9074,1,0.9082,1,0.7611,1,0.8796,0,0.7644,1,0.81,1,0.8167,0,0.7893,1,0.8463,0,0.7095,0,0.8776,0,0.8087,1,0.828,0,0.7234,1,0.8935,1,0.8842,1,0.9265,1,0.8041,1,0.8664,0,0.8104,1,0.8203,1,0.7975,1,0.84,0,0.8975,1,0.7064,0,0.8698,0,0.9098,0,0.7336
bf0db02d,35264ba4,0.7879,0.8470186046446552,0.703333129625509,31,2026-01-28T16:45:56.448042,complete,precomputed,0.7,10,1,0.5,1.0,3.0,1.0,1,0.8314,1,0.8788,1,0.8972,0,0.9415,1,0.8704,0,0.7203,1,0.8664,1,0.8222,0,0.9264,1,0.8979,1,0.8367,1,0.8566,0,0.7086,0,0.8864,1,0.9392,0,0.7122,0,0.7806,0,0.7079,0,0.7305,1,0.7134,0,0.8161,0,0.8504,0,0.7068,0,0.7226,0,0.7321,1,0.7875,1,0.7484,1,0.8591,1,0.907,1,0.9075,1,0.7674,1,0.8788,0,0.7631,1,0.8247,1,0.8183,0,0.7893,1,0.8496,0,0.7069,0,0.8763,0,0.8082,1,0.8274,0,0.7175,1,0.8935,1,0.8844,1,0.9298,1,0.809,1,0.8707,0,0.8086,1,0.8203,1,0.7976,1,0.8407,0,0.8971,1,0.7061,0,0.8701,0,0.9079,0,0.7376
00328dee,35264ba4,0.787,0.8430220060051993,0.698132742049345,32,2026-01-28T16:45:56.222871,complete,precomputed,0.7,10,1,0.5,1.0,2.7,1.0,1,0.8324,1,0.8793,1,0.8965,1,0.9423,1,0.8711,0,0.7202,1,0.866,1,0.8224,0,0.9264,1,0.8988,1,0.8375,1,0.8569,0,0.7088,0,0.8866,1,0.9339,0,0.7112,0,0.7761,0,0.7082,0,0.7323,1,0.7144,0,0.8162,0,0.8511,0,0.7089,0,0.7189,0,0.7351,1,0.7808,1,0.751,1,0.8611,1,0.9071,1,0.9082,1,0.7669,1,0.8797,0,0.7642,1,0.8102,1,0.8185,0,0.7893,1,0.8491,0,0.7089,0,0.8767,0,0.8057,1,0.8275,0,0.7193,1,0.8936,1,0.8841,1,0.9299,1,0.8042,1,0.8656,0,0.8108,1,0.8204,1,0.7972,1,0.8398,0,0.8973,1,0.7067,0,0.8699,0,0.7002,0,0.7383
f3e84a41,35264ba4,0.787,0.8430220060051993,0.698132742049345,32,2026-01-28T16:45:56.557117,complete,precomputed,0.7,10,1,0.5,1.0,2.8,1.0,1,0.832,1,0.8788,1,0.8964,1,0.9419,1,0.8709,0,0.7204,1,0.866,1,0.8221,0,0.9263,1,0.899,1,0.837,1,0.8569,0,0.7086,0,0.887,1,0.9337,0,0.7115,0,0.7757,0,0.7079,0,0.7328,1,0.7141,0,0.8165,0,0.851,0,0.708,0,0.7188,0,0.7333,1,0.7805,1,0.7505,1,0.8615,1,0.9073,1,0.9075,1,0.7668,1,0.8793,0,0.7637,1,0.8149,1,0.8184,0,0.7897,1,0.8492,0,0.7084,0,0.8771,0,0.8085,1,0.8273,0,0.7193,1,0.8937,1,0.8839,1,0.9298,1,0.8059,1,0.8662,0,0.8084,1,0.8206,1,0.7974,1,0.8404,0,0.897,1,0.7066,0,0.8697,0,0.7007,0,0.7377
